[{"model": "sites.site", "pk": 1, "fields": {"domain": "127.0.0.1", "name": "Ilimetr"}}, {"model": "admin.logentry", "pk": 1, "fields": {"action_time": "2024-06-13T14:47:13.706Z", "user": 1, "content_type": 21, "object_id": "1", "object_repr": "Yandex", "action_flag": 1, "change_message": "[{\"added\": {}}]"}}, {"model": "admin.logentry", "pk": 2, "fields": {"action_time": "2024-06-13T14:47:45.849Z", "user": 1, "content_type": 1, "object_id": "1", "object_repr": "127.0.0.1", "action_flag": 2, "change_message": "[{\"changed\": {\"fields\": [\"Domain name\", \"Display name\"]}}]"}}, {"model": "admin.logentry", "pk": 3, "fields": {"action_time": "2024-06-13T14:48:01.522Z", "user": 1, "content_type": 21, "object_id": "1", "object_repr": "Yandex", "action_flag": 2, "change_message": "[]"}}, {"model": "admin.logentry", "pk": 4, "fields": {"action_time": "2024-06-13T14:48:27.381Z", "user": 1, "content_type": 21, "object_id": "2", "object_repr": "GitHub", "action_flag": 1, "change_message": "[{\"added\": {}}]"}}, {"model": "admin.logentry", "pk": 5, "fields": {"action_time": "2024-06-13T15:49:50.991Z", "user": 1, "content_type": 14, "object_id": "1", "object_repr": "Основы цифрового маркетинга\"", "action_flag": 1, "change_message": "[{\"added\": {}}, {\"added\": {\"name\": \"module\", \"object\": \"\\u0412\\u0432\\u0435\\u0434\\u0435\\u043d\\u0438\\u0435 \\u0432 \\u0446\\u0438\\u0444\\u0440\\u043e\\u0432\\u043e\\u0439 \\u043c\\u0430\\u0440\\u043a\\u0435\\u0442\\u0438\\u043d\\u0433\"}}, {\"added\": {\"name\": \"module\", \"object\": \"\\u0421\\u0442\\u0440\\u0430\\u0442\\u0435\\u0433\\u0438\\u0438 \\u0446\\u0438\\u0444\\u0440\\u043e\\u0432\\u043e\\u0433\\u043e \\u043c\\u0430\\u0440\\u043a\\u0435\\u0442\\u0438\\u043d\\u0433\\u0430\"}}, {\"added\": {\"name\": \"module\", \"object\": \"\\u0418\\u043d\\u0441\\u0442\\u0440\\u0443\\u043c\\u0435\\u043d\\u0442\\u044b \\u0446\\u0438\\u0444\\u0440\\u043e\\u0432\\u043e\\u0433\\u043e \\u043c\\u0430\\u0440\\u043a\\u0435\\u0442\\u0438\\u043d\\u0433\\u0430\"}}]"}}, {"model": "admin.logentry", "pk": 6, "fields": {"action_time": "2024-06-13T17:11:32.530Z", "user": 1, "content_type": 24, "object_id": "13", "object_repr": "Тестовый урок с кастом контентом", "action_flag": 1, "change_message": "[{\"added\": {}}]"}}, {"model": "admin.logentry", "pk": 7, "fields": {"action_time": "2024-06-13T17:18:33.793Z", "user": 1, "content_type": 24, "object_id": "13", "object_repr": "Тестовый урок с кастом контентом", "action_flag": 2, "change_message": "[{\"changed\": {\"fields\": [\"Content\"]}}]"}}, {"model": "admin.logentry", "pk": 8, "fields": {"action_time": "2024-06-13T17:35:07.567Z", "user": 1, "content_type": 23, "object_id": "1", "object_repr": "Введение в цифровой маркетинг - Основы цифрового маркетинга\"", "action_flag": 2, "change_message": "[{\"changed\": {\"fields\": [\"Description\"]}}]"}}, {"model": "admin.logentry", "pk": 9, "fields": {"action_time": "2024-06-13T17:36:35.803Z", "user": 1, "content_type": 24, "object_id": "4", "object_repr": "Урок 2 в модуле 2", "action_flag": 2, "change_message": "[{\"changed\": {\"fields\": [\"Content\"]}}]"}}, {"model": "admin.logentry", "pk": 10, "fields": {"action_time": "2024-06-14T19:37:09.733Z", "user": 1, "content_type": 14, "object_id": "1", "object_repr": "Основы цифрового маркетинга\"", "action_flag": 2, "change_message": "[{\"changed\": {\"name\": \"module\", \"object\": \"\\u0412\\u0432\\u0435\\u0434\\u0435\\u043d\\u0438\\u0435 \\u0432 \\u0446\\u0438\\u0444\\u0440\\u043e\\u0432\\u043e\\u0439 \\u043c\\u0430\\u0440\\u043a\\u0435\\u0442\\u0438\\u043d\\u0433 - \\u041e\\u0441\\u043d\\u043e\\u0432\\u044b \\u0446\\u0438\\u0444\\u0440\\u043e\\u0432\\u043e\\u0433\\u043e \\u043c\\u0430\\u0440\\u043a\\u0435\\u0442\\u0438\\u043d\\u0433\\u0430\\\"\", \"fields\": [\"Description\"]}}]"}}, {"model": "admin.logentry", "pk": 11, "fields": {"action_time": "2024-06-14T19:37:25.550Z", "user": 1, "content_type": 14, "object_id": "1", "object_repr": "\"Основы цифрового маркетинга\"", "action_flag": 2, "change_message": "[{\"changed\": {\"fields\": [\"Title\"]}}]"}}, {"model": "admin.logentry", "pk": 12, "fields": {"action_time": "2024-06-14T19:39:49.696Z", "user": 1, "content_type": 24, "object_id": "14", "object_repr": "Урок 1", "action_flag": 1, "change_message": "[{\"added\": {}}]"}}, {"model": "admin.logentry", "pk": 13, "fields": {"action_time": "2024-06-14T19:40:12.025Z", "user": 1, "content_type": 24, "object_id": "15", "object_repr": "Урок 2", "action_flag": 1, "change_message": "[{\"added\": {}}]"}}, {"model": "admin.logentry", "pk": 14, "fields": {"action_time": "2024-06-14T19:40:40.604Z", "user": 1, "content_type": 24, "object_id": "16", "object_repr": "Урок 1 Стратегии", "action_flag": 1, "change_message": "[{\"added\": {}}]"}}, {"model": "admin.logentry", "pk": 15, "fields": {"action_time": "2024-06-14T19:41:10.186Z", "user": 1, "content_type": 24, "object_id": "17", "object_repr": "Урок 2 к страгеиям", "action_flag": 1, "change_message": "[{\"added\": {}}]"}}, {"model": "admin.logentry", "pk": 16, "fields": {"action_time": "2024-06-16T18:40:39.634Z", "user": 1, "content_type": 10, "object_id": "3", "object_repr": "meeting with participant", "action_flag": 2, "change_message": "[]"}}, {"model": "admin.logentry", "pk": 17, "fields": {"action_time": "2024-06-16T21:01:29.826Z", "user": 1, "content_type": 10, "object_id": "2", "object_repr": "test meeting2", "action_flag": 2, "change_message": "[{\"changed\": {\"fields\": [\"Start time\", \"End time\"]}}]"}}, {"model": "admin.logentry", "pk": 18, "fields": {"action_time": "2024-06-17T22:01:12.446Z", "user": 1, "content_type": 7, "object_id": "1", "object_repr": "admin", "action_flag": 2, "change_message": "[{\"changed\": {\"fields\": [\"Groups\"]}}]"}}, {"model": "admin.logentry", "pk": 19, "fields": {"action_time": "2024-06-18T18:07:28.674Z", "user": 1, "content_type": 7, "object_id": "1", "object_repr": "admin", "action_flag": 2, "change_message": "[{\"changed\": {\"fields\": [\"Groups\"]}}]"}}, {"model": "admin.logentry", "pk": 20, "fields": {"action_time": "2024-06-18T18:10:08.880Z", "user": 1, "content_type": 7, "object_id": "1", "object_repr": "admin", "action_flag": 2, "change_message": "[{\"changed\": {\"fields\": [\"Groups\"]}}]"}}, {"model": "admin.logentry", "pk": 21, "fields": {"action_time": "2024-06-18T18:36:43.850Z", "user": 1, "content_type": 7, "object_id": "1", "object_repr": "admin", "action_flag": 2, "change_message": "[{\"changed\": {\"fields\": [\"Groups\"]}}]"}}, {"model": "admin.logentry", "pk": 22, "fields": {"action_time": "2024-06-18T20:11:07.604Z", "user": 1, "content_type": 36, "object_id": "1", "object_repr": "TextQuestion object (1)", "action_flag": 3, "change_message": ""}}, {"model": "admin.logentry", "pk": 23, "fields": {"action_time": "2024-06-19T14:23:00.209Z", "user": 1, "content_type": 7, "object_id": "4", "object_repr": "Pu104ver", "action_flag": 3, "change_message": ""}}, {"model": "admin.logentry", "pk": 24, "fields": {"action_time": "2024-06-19T14:24:09.711Z", "user": 1, "content_type": 7, "object_id": "3", "object_repr": "kinopoisk.y4ndex3", "action_flag": 3, "change_message": ""}}, {"model": "admin.logentry", "pk": 25, "fields": {"action_time": "2024-06-19T14:54:57.280Z", "user": 1, "content_type": 7, "object_id": "7", "object_repr": "kinopoisk.y4ndex3", "action_flag": 3, "change_message": ""}}, {"model": "admin.logentry", "pk": 26, "fields": {"action_time": "2024-06-19T14:55:54.798Z", "user": 1, "content_type": 7, "object_id": "8", "object_repr": "kinopoisk.y4ndex3", "action_flag": 3, "change_message": ""}}, {"model": "admin.logentry", "pk": 27, "fields": {"action_time": "2024-06-19T15:02:18.608Z", "user": 1, "content_type": 7, "object_id": "9", "object_repr": "kinopoisk.y4ndex3", "action_flag": 3, "change_message": ""}}, {"model": "admin.logentry", "pk": 28, "fields": {"action_time": "2024-06-19T16:40:03.674Z", "user": 1, "content_type": 7, "object_id": "11", "object_repr": "test", "action_flag": 3, "change_message": ""}}, {"model": "admin.logentry", "pk": 29, "fields": {"action_time": "2024-06-19T16:49:56.358Z", "user": 1, "content_type": 7, "object_id": "12", "object_repr": "test", "action_flag": 3, "change_message": ""}}, {"model": "admin.logentry", "pk": 30, "fields": {"action_time": "2024-06-19T18:14:23.846Z", "user": 1, "content_type": 10, "object_id": "6", "object_repr": "test meeting 54903kw0", "action_flag": 3, "change_message": ""}}, {"model": "admin.logentry", "pk": 31, "fields": {"action_time": "2024-06-19T18:14:39.369Z", "user": 1, "content_type": 10, "object_id": "7", "object_repr": "test meeting 54903kw0", "action_flag": 3, "change_message": ""}}, {"model": "admin.logentry", "pk": 32, "fields": {"action_time": "2024-06-20T17:30:23.177Z", "user": 1, "content_type": 38, "object_id": "1", "object_repr": "Department object (1)", "action_flag": 1, "change_message": "[{\"added\": {}}]"}}, {"model": "admin.logentry", "pk": 33, "fields": {"action_time": "2024-06-20T17:30:54.283Z", "user": 1, "content_type": 38, "object_id": "2", "object_repr": "Department object (2)", "action_flag": 1, "change_message": "[{\"added\": {}}]"}}, {"model": "admin.logentry", "pk": 34, "fields": {"action_time": "2024-06-20T23:18:07.195Z", "user": 1, "content_type": 38, "object_id": "1", "object_repr": "Отдел разработки", "action_flag": 2, "change_message": "[{\"changed\": {\"fields\": [\"Courses\"]}}]"}}, {"model": "admin.logentry", "pk": 35, "fields": {"action_time": "2024-06-22T00:30:30.752Z", "user": 1, "content_type": 35, "object_id": "2", "object_repr": "Interactive object (2)", "action_flag": 3, "change_message": ""}}, {"model": "admin.logentry", "pk": 36, "fields": {"action_time": "2024-06-22T00:30:35.310Z", "user": 1, "content_type": 35, "object_id": "3", "object_repr": "Interactive object (3)", "action_flag": 3, "change_message": ""}}, {"model": "admin.logentry", "pk": 37, "fields": {"action_time": "2024-06-22T00:30:42.020Z", "user": 1, "content_type": 35, "object_id": "4", "object_repr": "Interactive object (4)", "action_flag": 3, "change_message": ""}}, {"model": "admin.logentry", "pk": 38, "fields": {"action_time": "2024-06-22T00:30:48.157Z", "user": 1, "content_type": 35, "object_id": "5", "object_repr": "Interactive object (5)", "action_flag": 3, "change_message": ""}}, {"model": "admin.logentry", "pk": 39, "fields": {"action_time": "2024-06-22T00:38:05.538Z", "user": 1, "content_type": 43, "object_id": "3", "object_repr": "SingleChoiceQuestion object (3)", "action_flag": 3, "change_message": ""}}, {"model": "admin.logentry", "pk": 40, "fields": {"action_time": "2024-06-22T10:13:29.011Z", "user": 1, "content_type": 39, "object_id": "1", "object_repr": "MultipleChoiceQuestion object (1)", "action_flag": 2, "change_message": "[{\"changed\": {\"fields\": [\"Options\"]}}]"}}, {"model": "admin.logentry", "pk": 41, "fields": {"action_time": "2024-06-22T10:46:02.681Z", "user": 1, "content_type": 27, "object_id": "2", "object_repr": "Survey object (2)", "action_flag": 3, "change_message": ""}}, {"model": "admin.logentry", "pk": 42, "fields": {"action_time": "2024-06-22T10:54:39.150Z", "user": 1, "content_type": 27, "object_id": "3", "object_repr": "Survey object (3)", "action_flag": 3, "change_message": ""}}, {"model": "admin.logentry", "pk": 43, "fields": {"action_time": "2024-06-22T11:03:22.795Z", "user": 1, "content_type": 27, "object_id": "4", "object_repr": "Survey object (4)", "action_flag": 3, "change_message": ""}}, {"model": "admin.logentry", "pk": 44, "fields": {"action_time": "2024-06-22T11:04:25.942Z", "user": 1, "content_type": 27, "object_id": "5", "object_repr": "Survey object (5)", "action_flag": 3, "change_message": ""}}, {"model": "auth.permission", "pk": 1, "fields": {"name": "Can add site", "content_type": 1, "codename": "add_site"}}, {"model": "auth.permission", "pk": 2, "fields": {"name": "Can change site", "content_type": 1, "codename": "change_site"}}, {"model": "auth.permission", "pk": 3, "fields": {"name": "Can delete site", "content_type": 1, "codename": "delete_site"}}, {"model": "auth.permission", "pk": 4, "fields": {"name": "Can view site", "content_type": 1, "codename": "view_site"}}, {"model": "auth.permission", "pk": 5, "fields": {"name": "Can add log entry", "content_type": 2, "codename": "add_logentry"}}, {"model": "auth.permission", "pk": 6, "fields": {"name": "Can change log entry", "content_type": 2, "codename": "change_logentry"}}, {"model": "auth.permission", "pk": 7, "fields": {"name": "Can delete log entry", "content_type": 2, "codename": "delete_logentry"}}, {"model": "auth.permission", "pk": 8, "fields": {"name": "Can view log entry", "content_type": 2, "codename": "view_logentry"}}, {"model": "auth.permission", "pk": 9, "fields": {"name": "Can add permission", "content_type": 3, "codename": "add_permission"}}, {"model": "auth.permission", "pk": 10, "fields": {"name": "Can change permission", "content_type": 3, "codename": "change_permission"}}, {"model": "auth.permission", "pk": 11, "fields": {"name": "Can delete permission", "content_type": 3, "codename": "delete_permission"}}, {"model": "auth.permission", "pk": 12, "fields": {"name": "Can view permission", "content_type": 3, "codename": "view_permission"}}, {"model": "auth.permission", "pk": 13, "fields": {"name": "Can add group", "content_type": 4, "codename": "add_group"}}, {"model": "auth.permission", "pk": 14, "fields": {"name": "Can change group", "content_type": 4, "codename": "change_group"}}, {"model": "auth.permission", "pk": 15, "fields": {"name": "Can delete group", "content_type": 4, "codename": "delete_group"}}, {"model": "auth.permission", "pk": 16, "fields": {"name": "Can view group", "content_type": 4, "codename": "view_group"}}, {"model": "auth.permission", "pk": 17, "fields": {"name": "Can add content type", "content_type": 5, "codename": "add_contenttype"}}, {"model": "auth.permission", "pk": 18, "fields": {"name": "Can change content type", "content_type": 5, "codename": "change_contenttype"}}, {"model": "auth.permission", "pk": 19, "fields": {"name": "Can delete content type", "content_type": 5, "codename": "delete_contenttype"}}, {"model": "auth.permission", "pk": 20, "fields": {"name": "Can view content type", "content_type": 5, "codename": "view_contenttype"}}, {"model": "auth.permission", "pk": 21, "fields": {"name": "Can add session", "content_type": 6, "codename": "add_session"}}, {"model": "auth.permission", "pk": 22, "fields": {"name": "Can change session", "content_type": 6, "codename": "change_session"}}, {"model": "auth.permission", "pk": 23, "fields": {"name": "Can delete session", "content_type": 6, "codename": "delete_session"}}, {"model": "auth.permission", "pk": 24, "fields": {"name": "Can view session", "content_type": 6, "codename": "view_session"}}, {"model": "auth.permission", "pk": 25, "fields": {"name": "Can add user", "content_type": 7, "codename": "add_customuser"}}, {"model": "auth.permission", "pk": 26, "fields": {"name": "Can change user", "content_type": 7, "codename": "change_customuser"}}, {"model": "auth.permission", "pk": 27, "fields": {"name": "Can delete user", "content_type": 7, "codename": "delete_customuser"}}, {"model": "auth.permission", "pk": 28, "fields": {"name": "Can view user", "content_type": 7, "codename": "view_customuser"}}, {"model": "auth.permission", "pk": 29, "fields": {"name": "Can add user profile", "content_type": 8, "codename": "add_userprofile"}}, {"model": "auth.permission", "pk": 30, "fields": {"name": "Can change user profile", "content_type": 8, "codename": "change_userprofile"}}, {"model": "auth.permission", "pk": 31, "fields": {"name": "Can delete user profile", "content_type": 8, "codename": "delete_userprofile"}}, {"model": "auth.permission", "pk": 32, "fields": {"name": "Can view user profile", "content_type": 8, "codename": "view_userprofile"}}, {"model": "auth.permission", "pk": 33, "fields": {"name": "Can add event", "content_type": 9, "codename": "add_event"}}, {"model": "auth.permission", "pk": 34, "fields": {"name": "Can change event", "content_type": 9, "codename": "change_event"}}, {"model": "auth.permission", "pk": 35, "fields": {"name": "Can delete event", "content_type": 9, "codename": "delete_event"}}, {"model": "auth.permission", "pk": 36, "fields": {"name": "Can view event", "content_type": 9, "codename": "view_event"}}, {"model": "auth.permission", "pk": 37, "fields": {"name": "Can add meeting", "content_type": 10, "codename": "add_meeting"}}, {"model": "auth.permission", "pk": 38, "fields": {"name": "Can change meeting", "content_type": 10, "codename": "change_meeting"}}, {"model": "auth.permission", "pk": 39, "fields": {"name": "Can delete meeting", "content_type": 10, "codename": "delete_meeting"}}, {"model": "auth.permission", "pk": 40, "fields": {"name": "Can view meeting", "content_type": 10, "codename": "view_meeting"}}, {"model": "auth.permission", "pk": 41, "fields": {"name": "Can add interactive element", "content_type": 11, "codename": "add_interactiveelement"}}, {"model": "auth.permission", "pk": 42, "fields": {"name": "Can change interactive element", "content_type": 11, "codename": "change_interactiveelement"}}, {"model": "auth.permission", "pk": 43, "fields": {"name": "Can delete interactive element", "content_type": 11, "codename": "delete_interactiveelement"}}, {"model": "auth.permission", "pk": 44, "fields": {"name": "Can view interactive element", "content_type": 11, "codename": "view_interactiveelement"}}, {"model": "auth.permission", "pk": 45, "fields": {"name": "Can add report type", "content_type": 12, "codename": "add_reporttype"}}, {"model": "auth.permission", "pk": 46, "fields": {"name": "Can change report type", "content_type": 12, "codename": "change_reporttype"}}, {"model": "auth.permission", "pk": 47, "fields": {"name": "Can delete report type", "content_type": 12, "codename": "delete_reporttype"}}, {"model": "auth.permission", "pk": 48, "fields": {"name": "Can view report type", "content_type": 12, "codename": "view_reporttype"}}, {"model": "auth.permission", "pk": 49, "fields": {"name": "Can add report", "content_type": 13, "codename": "add_report"}}, {"model": "auth.permission", "pk": 50, "fields": {"name": "Can change report", "content_type": 13, "codename": "change_report"}}, {"model": "auth.permission", "pk": 51, "fields": {"name": "Can delete report", "content_type": 13, "codename": "delete_report"}}, {"model": "auth.permission", "pk": 52, "fields": {"name": "Can view report", "content_type": 13, "codename": "view_report"}}, {"model": "auth.permission", "pk": 53, "fields": {"name": "Can add course", "content_type": 14, "codename": "add_course"}}, {"model": "auth.permission", "pk": 54, "fields": {"name": "Can change course", "content_type": 14, "codename": "change_course"}}, {"model": "auth.permission", "pk": 55, "fields": {"name": "Can delete course", "content_type": 14, "codename": "delete_course"}}, {"model": "auth.permission", "pk": 56, "fields": {"name": "Can view course", "content_type": 14, "codename": "view_course"}}, {"model": "auth.permission", "pk": 57, "fields": {"name": "Can add enrollment", "content_type": 15, "codename": "add_enrollment"}}, {"model": "auth.permission", "pk": 58, "fields": {"name": "Can change enrollment", "content_type": 15, "codename": "change_enrollment"}}, {"model": "auth.permission", "pk": 59, "fields": {"name": "Can delete enrollment", "content_type": 15, "codename": "delete_enrollment"}}, {"model": "auth.permission", "pk": 60, "fields": {"name": "Can view enrollment", "content_type": 15, "codename": "view_enrollment"}}, {"model": "auth.permission", "pk": 61, "fields": {"name": "Can add notification", "content_type": 16, "codename": "add_notification"}}, {"model": "auth.permission", "pk": 62, "fields": {"name": "Can change notification", "content_type": 16, "codename": "change_notification"}}, {"model": "auth.permission", "pk": 63, "fields": {"name": "Can delete notification", "content_type": 16, "codename": "delete_notification"}}, {"model": "auth.permission", "pk": 64, "fields": {"name": "Can view notification", "content_type": 16, "codename": "view_notification"}}, {"model": "auth.permission", "pk": 65, "fields": {"name": "Can add document", "content_type": 17, "codename": "add_document"}}, {"model": "auth.permission", "pk": 66, "fields": {"name": "Can change document", "content_type": 17, "codename": "change_document"}}, {"model": "auth.permission", "pk": 67, "fields": {"name": "Can delete document", "content_type": 17, "codename": "delete_document"}}, {"model": "auth.permission", "pk": 68, "fields": {"name": "Can view document", "content_type": 17, "codename": "view_document"}}, {"model": "auth.permission", "pk": 69, "fields": {"name": "Can add email address", "content_type": 18, "codename": "add_emailaddress"}}, {"model": "auth.permission", "pk": 70, "fields": {"name": "Can change email address", "content_type": 18, "codename": "change_emailaddress"}}, {"model": "auth.permission", "pk": 71, "fields": {"name": "Can delete email address", "content_type": 18, "codename": "delete_emailaddress"}}, {"model": "auth.permission", "pk": 72, "fields": {"name": "Can view email address", "content_type": 18, "codename": "view_emailaddress"}}, {"model": "auth.permission", "pk": 73, "fields": {"name": "Can add email confirmation", "content_type": 19, "codename": "add_emailconfirmation"}}, {"model": "auth.permission", "pk": 74, "fields": {"name": "Can change email confirmation", "content_type": 19, "codename": "change_emailconfirmation"}}, {"model": "auth.permission", "pk": 75, "fields": {"name": "Can delete email confirmation", "content_type": 19, "codename": "delete_emailconfirmation"}}, {"model": "auth.permission", "pk": 76, "fields": {"name": "Can view email confirmation", "content_type": 19, "codename": "view_emailconfirmation"}}, {"model": "auth.permission", "pk": 77, "fields": {"name": "Can add social account", "content_type": 20, "codename": "add_socialaccount"}}, {"model": "auth.permission", "pk": 78, "fields": {"name": "Can change social account", "content_type": 20, "codename": "change_socialaccount"}}, {"model": "auth.permission", "pk": 79, "fields": {"name": "Can delete social account", "content_type": 20, "codename": "delete_socialaccount"}}, {"model": "auth.permission", "pk": 80, "fields": {"name": "Can view social account", "content_type": 20, "codename": "view_socialaccount"}}, {"model": "auth.permission", "pk": 81, "fields": {"name": "Can add social application", "content_type": 21, "codename": "add_socialapp"}}, {"model": "auth.permission", "pk": 82, "fields": {"name": "Can change social application", "content_type": 21, "codename": "change_socialapp"}}, {"model": "auth.permission", "pk": 83, "fields": {"name": "Can delete social application", "content_type": 21, "codename": "delete_socialapp"}}, {"model": "auth.permission", "pk": 84, "fields": {"name": "Can view social application", "content_type": 21, "codename": "view_socialapp"}}, {"model": "auth.permission", "pk": 85, "fields": {"name": "Can add social application token", "content_type": 22, "codename": "add_socialtoken"}}, {"model": "auth.permission", "pk": 86, "fields": {"name": "Can change social application token", "content_type": 22, "codename": "change_socialtoken"}}, {"model": "auth.permission", "pk": 87, "fields": {"name": "Can delete social application token", "content_type": 22, "codename": "delete_socialtoken"}}, {"model": "auth.permission", "pk": 88, "fields": {"name": "Can view social application token", "content_type": 22, "codename": "view_socialtoken"}}, {"model": "auth.permission", "pk": 89, "fields": {"name": "Can add module", "content_type": 23, "codename": "add_module"}}, {"model": "auth.permission", "pk": 90, "fields": {"name": "Can change module", "content_type": 23, "codename": "change_module"}}, {"model": "auth.permission", "pk": 91, "fields": {"name": "Can delete module", "content_type": 23, "codename": "delete_module"}}, {"model": "auth.permission", "pk": 92, "fields": {"name": "Can view module", "content_type": 23, "codename": "view_module"}}, {"model": "auth.permission", "pk": 93, "fields": {"name": "Can add lesson", "content_type": 24, "codename": "add_lesson"}}, {"model": "auth.permission", "pk": 94, "fields": {"name": "Can change lesson", "content_type": 24, "codename": "change_lesson"}}, {"model": "auth.permission", "pk": 95, "fields": {"name": "Can delete lesson", "content_type": 24, "codename": "delete_lesson"}}, {"model": "auth.permission", "pk": 96, "fields": {"name": "Can view lesson", "content_type": 24, "codename": "view_lesson"}}, {"model": "auth.permission", "pk": 97, "fields": {"name": "Can add user course", "content_type": 25, "codename": "add_usercourse"}}, {"model": "auth.permission", "pk": 98, "fields": {"name": "Can change user course", "content_type": 25, "codename": "change_usercourse"}}, {"model": "auth.permission", "pk": 99, "fields": {"name": "Can delete user course", "content_type": 25, "codename": "delete_usercourse"}}, {"model": "auth.permission", "pk": 100, "fields": {"name": "Can view user course", "content_type": 25, "codename": "view_usercourse"}}, {"model": "auth.permission", "pk": 101, "fields": {"name": "Can add user progress", "content_type": 26, "codename": "add_userprogress"}}, {"model": "auth.permission", "pk": 102, "fields": {"name": "Can change user progress", "content_type": 26, "codename": "change_userprogress"}}, {"model": "auth.permission", "pk": 103, "fields": {"name": "Can delete user progress", "content_type": 26, "codename": "delete_userprogress"}}, {"model": "auth.permission", "pk": 104, "fields": {"name": "Can view user progress", "content_type": 26, "codename": "view_userprogress"}}, {"model": "auth.permission", "pk": 105, "fields": {"name": "Can create meeting", "content_type": 10, "codename": "can_create_meeting"}}, {"model": "auth.permission", "pk": 106, "fields": {"name": "Can edit meeting", "content_type": 10, "codename": "can_edit_meeting"}}, {"model": "auth.permission", "pk": 107, "fields": {"name": "Can delete meeting", "content_type": 10, "codename": "can_delete_meeting"}}, {"model": "auth.permission", "pk": 108, "fields": {"name": "Can view meeting", "content_type": 10, "codename": "can_view_meeting"}}, {"model": "auth.permission", "pk": 109, "fields": {"name": "Can manage users", "content_type": 10, "codename": "can_manage_users"}}, {"model": "auth.permission", "pk": 110, "fields": {"name": "Can view analytics", "content_type": 10, "codename": "can_view_analytics"}}, {"model": "auth.permission", "pk": 111, "fields": {"name": "Can add survey", "content_type": 27, "codename": "add_survey"}}, {"model": "auth.permission", "pk": 112, "fields": {"name": "Can change survey", "content_type": 27, "codename": "change_survey"}}, {"model": "auth.permission", "pk": 113, "fields": {"name": "Can delete survey", "content_type": 27, "codename": "delete_survey"}}, {"model": "auth.permission", "pk": 114, "fields": {"name": "Can view survey", "content_type": 27, "codename": "view_survey"}}, {"model": "auth.permission", "pk": 115, "fields": {"name": "Can add interactive response", "content_type": 28, "codename": "add_interactiveresponse"}}, {"model": "auth.permission", "pk": 116, "fields": {"name": "Can change interactive response", "content_type": 28, "codename": "change_interactiveresponse"}}, {"model": "auth.permission", "pk": 117, "fields": {"name": "Can delete interactive response", "content_type": 28, "codename": "delete_interactiveresponse"}}, {"model": "auth.permission", "pk": 118, "fields": {"name": "Can view interactive response", "content_type": 28, "codename": "view_interactiveresponse"}}, {"model": "auth.permission", "pk": 119, "fields": {"name": "Can add audience qa", "content_type": 29, "codename": "add_audienceqa"}}, {"model": "auth.permission", "pk": 120, "fields": {"name": "Can change audience qa", "content_type": 29, "codename": "change_audienceqa"}}, {"model": "auth.permission", "pk": 121, "fields": {"name": "Can delete audience qa", "content_type": 29, "codename": "delete_audienceqa"}}, {"model": "auth.permission", "pk": 122, "fields": {"name": "Can view audience qa", "content_type": 29, "codename": "view_audienceqa"}}, {"model": "auth.permission", "pk": 123, "fields": {"name": "Can add single choice", "content_type": 30, "codename": "add_singlechoice"}}, {"model": "auth.permission", "pk": 124, "fields": {"name": "Can change single choice", "content_type": 30, "codename": "change_singlechoice"}}, {"model": "auth.permission", "pk": 125, "fields": {"name": "Can delete single choice", "content_type": 30, "codename": "delete_singlechoice"}}, {"model": "auth.permission", "pk": 126, "fields": {"name": "Can view single choice", "content_type": 30, "codename": "view_singlechoice"}}, {"model": "auth.permission", "pk": 127, "fields": {"name": "Can add multiple choice", "content_type": 31, "codename": "add_multiplechoice"}}, {"model": "auth.permission", "pk": 128, "fields": {"name": "Can change multiple choice", "content_type": 31, "codename": "change_multiplechoice"}}, {"model": "auth.permission", "pk": 129, "fields": {"name": "Can delete multiple choice", "content_type": 31, "codename": "delete_multiplechoice"}}, {"model": "auth.permission", "pk": 130, "fields": {"name": "Can view multiple choice", "content_type": 31, "codename": "view_multiplechoice"}}, {"model": "auth.permission", "pk": 131, "fields": {"name": "Can add number question", "content_type": 32, "codename": "add_numberquestion"}}, {"model": "auth.permission", "pk": 132, "fields": {"name": "Can change number question", "content_type": 32, "codename": "change_numberquestion"}}, {"model": "auth.permission", "pk": 133, "fields": {"name": "Can delete number question", "content_type": 32, "codename": "delete_numberquestion"}}, {"model": "auth.permission", "pk": 134, "fields": {"name": "Can view number question", "content_type": 32, "codename": "view_numberquestion"}}, {"model": "auth.permission", "pk": 135, "fields": {"name": "Can add networking", "content_type": 33, "codename": "add_networking"}}, {"model": "auth.permission", "pk": 136, "fields": {"name": "Can change networking", "content_type": 33, "codename": "change_networking"}}, {"model": "auth.permission", "pk": 137, "fields": {"name": "Can delete networking", "content_type": 33, "codename": "delete_networking"}}, {"model": "auth.permission", "pk": 138, "fields": {"name": "Can view networking", "content_type": 33, "codename": "view_networking"}}, {"model": "auth.permission", "pk": 139, "fields": {"name": "Can add quiz", "content_type": 34, "codename": "add_quiz"}}, {"model": "auth.permission", "pk": 140, "fields": {"name": "Can change quiz", "content_type": 34, "codename": "change_quiz"}}, {"model": "auth.permission", "pk": 141, "fields": {"name": "Can delete quiz", "content_type": 34, "codename": "delete_quiz"}}, {"model": "auth.permission", "pk": 142, "fields": {"name": "Can view quiz", "content_type": 34, "codename": "view_quiz"}}, {"model": "auth.permission", "pk": 143, "fields": {"name": "Can add interactive", "content_type": 35, "codename": "add_interactive"}}, {"model": "auth.permission", "pk": 144, "fields": {"name": "Can change interactive", "content_type": 35, "codename": "change_interactive"}}, {"model": "auth.permission", "pk": 145, "fields": {"name": "Can delete interactive", "content_type": 35, "codename": "delete_interactive"}}, {"model": "auth.permission", "pk": 146, "fields": {"name": "Can view interactive", "content_type": 35, "codename": "view_interactive"}}, {"model": "auth.permission", "pk": 147, "fields": {"name": "Can add text question", "content_type": 36, "codename": "add_textquestion"}}, {"model": "auth.permission", "pk": 148, "fields": {"name": "Can change text question", "content_type": 36, "codename": "change_textquestion"}}, {"model": "auth.permission", "pk": 149, "fields": {"name": "Can delete text question", "content_type": 36, "codename": "delete_textquestion"}}, {"model": "auth.permission", "pk": 150, "fields": {"name": "Can view text question", "content_type": 36, "codename": "view_textquestion"}}, {"model": "auth.permission", "pk": 151, "fields": {"name": "Can add star voting", "content_type": 37, "codename": "add_starvoting"}}, {"model": "auth.permission", "pk": 152, "fields": {"name": "Can change star voting", "content_type": 37, "codename": "change_starvoting"}}, {"model": "auth.permission", "pk": 153, "fields": {"name": "Can delete star voting", "content_type": 37, "codename": "delete_starvoting"}}, {"model": "auth.permission", "pk": 154, "fields": {"name": "Can view star voting", "content_type": 37, "codename": "view_starvoting"}}, {"model": "auth.permission", "pk": 155, "fields": {"name": "Can create interactive", "content_type": 36, "codename": "can_create_interactive"}}, {"model": "auth.permission", "pk": 156, "fields": {"name": "Can edit interactive", "content_type": 36, "codename": "can_edit_interactive"}}, {"model": "auth.permission", "pk": 157, "fields": {"name": "Can delete interactive", "content_type": 36, "codename": "can_delete_interactive"}}, {"model": "auth.permission", "pk": 158, "fields": {"name": "Can view interactive", "content_type": 36, "codename": "can_view_interactive"}}, {"model": "auth.permission", "pk": 159, "fields": {"name": "Can add department", "content_type": 38, "codename": "add_department"}}, {"model": "auth.permission", "pk": 160, "fields": {"name": "Can change department", "content_type": 38, "codename": "change_department"}}, {"model": "auth.permission", "pk": 161, "fields": {"name": "Can delete department", "content_type": 38, "codename": "delete_department"}}, {"model": "auth.permission", "pk": 162, "fields": {"name": "Can view department", "content_type": 38, "codename": "view_department"}}, {"model": "auth.permission", "pk": 163, "fields": {"name": "Can manage department", "content_type": 38, "codename": "can_manage_department"}}, {"model": "auth.permission", "pk": 164, "fields": {"name": "Can view department courses", "content_type": 25, "codename": "can_view_department_courses"}}, {"model": "auth.permission", "pk": 165, "fields": {"name": "Can add multiple choice question", "content_type": 39, "codename": "add_multiplechoicequestion"}}, {"model": "auth.permission", "pk": 166, "fields": {"name": "Can change multiple choice question", "content_type": 39, "codename": "change_multiplechoicequestion"}}, {"model": "auth.permission", "pk": 167, "fields": {"name": "Can delete multiple choice question", "content_type": 39, "codename": "delete_multiplechoicequestion"}}, {"model": "auth.permission", "pk": 168, "fields": {"name": "Can view multiple choice question", "content_type": 39, "codename": "view_multiplechoicequestion"}}, {"model": "auth.permission", "pk": 169, "fields": {"name": "Can add multiple choice answer", "content_type": 40, "codename": "add_multiplechoiceanswer"}}, {"model": "auth.permission", "pk": 170, "fields": {"name": "Can change multiple choice answer", "content_type": 40, "codename": "change_multiplechoiceanswer"}}, {"model": "auth.permission", "pk": 171, "fields": {"name": "Can delete multiple choice answer", "content_type": 40, "codename": "delete_multiplechoiceanswer"}}, {"model": "auth.permission", "pk": 172, "fields": {"name": "Can view multiple choice answer", "content_type": 40, "codename": "view_multiplechoiceanswer"}}, {"model": "auth.permission", "pk": 173, "fields": {"name": "Can add number answer", "content_type": 41, "codename": "add_numberanswer"}}, {"model": "auth.permission", "pk": 174, "fields": {"name": "Can change number answer", "content_type": 41, "codename": "change_numberanswer"}}, {"model": "auth.permission", "pk": 175, "fields": {"name": "Can delete number answer", "content_type": 41, "codename": "delete_numberanswer"}}, {"model": "auth.permission", "pk": 176, "fields": {"name": "Can view number answer", "content_type": 41, "codename": "view_numberanswer"}}, {"model": "auth.permission", "pk": 177, "fields": {"name": "Can add quiz answer", "content_type": 42, "codename": "add_quizanswer"}}, {"model": "auth.permission", "pk": 178, "fields": {"name": "Can change quiz answer", "content_type": 42, "codename": "change_quizanswer"}}, {"model": "auth.permission", "pk": 179, "fields": {"name": "Can delete quiz answer", "content_type": 42, "codename": "delete_quizanswer"}}, {"model": "auth.permission", "pk": 180, "fields": {"name": "Can view quiz answer", "content_type": 42, "codename": "view_quizanswer"}}, {"model": "auth.permission", "pk": 181, "fields": {"name": "Can add single choice question", "content_type": 43, "codename": "add_singlechoicequestion"}}, {"model": "auth.permission", "pk": 182, "fields": {"name": "Can change single choice question", "content_type": 43, "codename": "change_singlechoicequestion"}}, {"model": "auth.permission", "pk": 183, "fields": {"name": "Can delete single choice question", "content_type": 43, "codename": "delete_singlechoicequestion"}}, {"model": "auth.permission", "pk": 184, "fields": {"name": "Can view single choice question", "content_type": 43, "codename": "view_singlechoicequestion"}}, {"model": "auth.permission", "pk": 185, "fields": {"name": "Can add single choice answer", "content_type": 44, "codename": "add_singlechoiceanswer"}}, {"model": "auth.permission", "pk": 186, "fields": {"name": "Can change single choice answer", "content_type": 44, "codename": "change_singlechoiceanswer"}}, {"model": "auth.permission", "pk": 187, "fields": {"name": "Can delete single choice answer", "content_type": 44, "codename": "delete_singlechoiceanswer"}}, {"model": "auth.permission", "pk": 188, "fields": {"name": "Can view single choice answer", "content_type": 44, "codename": "view_singlechoiceanswer"}}, {"model": "auth.permission", "pk": 189, "fields": {"name": "Can add star voting question", "content_type": 45, "codename": "add_starvotingquestion"}}, {"model": "auth.permission", "pk": 190, "fields": {"name": "Can change star voting question", "content_type": 45, "codename": "change_starvotingquestion"}}, {"model": "auth.permission", "pk": 191, "fields": {"name": "Can delete star voting question", "content_type": 45, "codename": "delete_starvotingquestion"}}, {"model": "auth.permission", "pk": 192, "fields": {"name": "Can view star voting question", "content_type": 45, "codename": "view_starvotingquestion"}}, {"model": "auth.permission", "pk": 193, "fields": {"name": "Can add star vote", "content_type": 46, "codename": "add_starvote"}}, {"model": "auth.permission", "pk": 194, "fields": {"name": "Can change star vote", "content_type": 46, "codename": "change_starvote"}}, {"model": "auth.permission", "pk": 195, "fields": {"name": "Can delete star vote", "content_type": 46, "codename": "delete_starvote"}}, {"model": "auth.permission", "pk": 196, "fields": {"name": "Can view star vote", "content_type": 46, "codename": "view_starvote"}}, {"model": "auth.permission", "pk": 197, "fields": {"name": "Can add survey question", "content_type": 47, "codename": "add_surveyquestion"}}, {"model": "auth.permission", "pk": 198, "fields": {"name": "Can change survey question", "content_type": 47, "codename": "change_surveyquestion"}}, {"model": "auth.permission", "pk": 199, "fields": {"name": "Can delete survey question", "content_type": 47, "codename": "delete_surveyquestion"}}, {"model": "auth.permission", "pk": 200, "fields": {"name": "Can view survey question", "content_type": 47, "codename": "view_surveyquestion"}}, {"model": "auth.permission", "pk": 201, "fields": {"name": "Can add survey answer", "content_type": 48, "codename": "add_surveyanswer"}}, {"model": "auth.permission", "pk": 202, "fields": {"name": "Can change survey answer", "content_type": 48, "codename": "change_surveyanswer"}}, {"model": "auth.permission", "pk": 203, "fields": {"name": "Can delete survey answer", "content_type": 48, "codename": "delete_surveyanswer"}}, {"model": "auth.permission", "pk": 204, "fields": {"name": "Can view survey answer", "content_type": 48, "codename": "view_surveyanswer"}}, {"model": "auth.permission", "pk": 205, "fields": {"name": "Can add text answer", "content_type": 49, "codename": "add_textanswer"}}, {"model": "auth.permission", "pk": 206, "fields": {"name": "Can change text answer", "content_type": 49, "codename": "change_textanswer"}}, {"model": "auth.permission", "pk": 207, "fields": {"name": "Can delete text answer", "content_type": 49, "codename": "delete_textanswer"}}, {"model": "auth.permission", "pk": 208, "fields": {"name": "Can view text answer", "content_type": 49, "codename": "view_textanswer"}}, {"model": "auth.group", "pk": 1, "fields": {"name": "Admin", "permissions": [164, 163, 155, 157, 156, 158, 105, 107, 106, 109, 110, 108]}}, {"model": "auth.group", "pk": 2, "fields": {"name": "Organizer", "permissions": [155, 156, 158, 105, 106, 108]}}, {"model": "auth.group", "pk": 3, "fields": {"name": "Participant", "permissions": [158, 108]}}, {"model": "auth.group", "pk": 4, "fields": {"name": "Guest", "permissions": []}}, {"model": "auth.group", "pk": 5, "fields": {"name": "Moderator", "permissions": [157, 156, 158, 107, 106, 109, 108]}}, {"model": "auth.group", "pk": 6, "fields": {"name": "Analyst", "permissions": [110]}}, {"model": "auth.group", "pk": 7, "fields": {"name": "User", "permissions": []}}, {"model": "auth.group", "pk": 8, "fields": {"name": "Leader", "permissions": [164, 163]}}, {"model": "contenttypes.contenttype", "pk": 1, "fields": {"app_label": "sites", "model": "site"}}, {"model": "contenttypes.contenttype", "pk": 2, "fields": {"app_label": "admin", "model": "logentry"}}, {"model": "contenttypes.contenttype", "pk": 3, "fields": {"app_label": "auth", "model": "permission"}}, {"model": "contenttypes.contenttype", "pk": 4, "fields": {"app_label": "auth", "model": "group"}}, {"model": "contenttypes.contenttype", "pk": 5, "fields": {"app_label": "contenttypes", "model": "contenttype"}}, {"model": "contenttypes.contenttype", "pk": 6, "fields": {"app_label": "sessions", "model": "session"}}, {"model": "contenttypes.contenttype", "pk": 7, "fields": {"app_label": "users", "model": "customuser"}}, {"model": "contenttypes.contenttype", "pk": 8, "fields": {"app_label": "users", "model": "userprofile"}}, {"model": "contenttypes.contenttype", "pk": 9, "fields": {"app_label": "events", "model": "event"}}, {"model": "contenttypes.contenttype", "pk": 10, "fields": {"app_label": "meetings", "model": "meeting"}}, {"model": "contenttypes.contenttype", "pk": 11, "fields": {"app_label": "interactive_elements", "model": "interactiveelement"}}, {"model": "contenttypes.contenttype", "pk": 12, "fields": {"app_label": "reports", "model": "reporttype"}}, {"model": "contenttypes.contenttype", "pk": 13, "fields": {"app_label": "reports", "model": "report"}}, {"model": "contenttypes.contenttype", "pk": 14, "fields": {"app_label": "courses", "model": "course"}}, {"model": "contenttypes.contenttype", "pk": 15, "fields": {"app_label": "courses", "model": "enrollment"}}, {"model": "contenttypes.contenttype", "pk": 16, "fields": {"app_label": "notifications", "model": "notification"}}, {"model": "contenttypes.contenttype", "pk": 17, "fields": {"app_label": "documents", "model": "document"}}, {"model": "contenttypes.contenttype", "pk": 18, "fields": {"app_label": "account", "model": "emailaddress"}}, {"model": "contenttypes.contenttype", "pk": 19, "fields": {"app_label": "account", "model": "emailconfirmation"}}, {"model": "contenttypes.contenttype", "pk": 20, "fields": {"app_label": "socialaccount", "model": "socialaccount"}}, {"model": "contenttypes.contenttype", "pk": 21, "fields": {"app_label": "socialaccount", "model": "socialapp"}}, {"model": "contenttypes.contenttype", "pk": 22, "fields": {"app_label": "socialaccount", "model": "socialtoken"}}, {"model": "contenttypes.contenttype", "pk": 23, "fields": {"app_label": "courses", "model": "module"}}, {"model": "contenttypes.contenttype", "pk": 24, "fields": {"app_label": "courses", "model": "lesson"}}, {"model": "contenttypes.contenttype", "pk": 25, "fields": {"app_label": "courses", "model": "usercourse"}}, {"model": "contenttypes.contenttype", "pk": 26, "fields": {"app_label": "courses", "model": "userprogress"}}, {"model": "contenttypes.contenttype", "pk": 27, "fields": {"app_label": "interactive_elements", "model": "survey"}}, {"model": "contenttypes.contenttype", "pk": 28, "fields": {"app_label": "interactive_elements", "model": "interactiveresponse"}}, {"model": "contenttypes.contenttype", "pk": 29, "fields": {"app_label": "interactive_elements", "model": "audienceqa"}}, {"model": "contenttypes.contenttype", "pk": 30, "fields": {"app_label": "interactive_elements", "model": "singlechoice"}}, {"model": "contenttypes.contenttype", "pk": 31, "fields": {"app_label": "interactive_elements", "model": "multiplechoice"}}, {"model": "contenttypes.contenttype", "pk": 32, "fields": {"app_label": "interactive_elements", "model": "numberquestion"}}, {"model": "contenttypes.contenttype", "pk": 33, "fields": {"app_label": "interactive_elements", "model": "networking"}}, {"model": "contenttypes.contenttype", "pk": 34, "fields": {"app_label": "interactive_elements", "model": "quiz"}}, {"model": "contenttypes.contenttype", "pk": 35, "fields": {"app_label": "interactive_elements", "model": "interactive"}}, {"model": "contenttypes.contenttype", "pk": 36, "fields": {"app_label": "interactive_elements", "model": "textquestion"}}, {"model": "contenttypes.contenttype", "pk": 37, "fields": {"app_label": "interactive_elements", "model": "starvoting"}}, {"model": "contenttypes.contenttype", "pk": 38, "fields": {"app_label": "departments", "model": "department"}}, {"model": "contenttypes.contenttype", "pk": 39, "fields": {"app_label": "interactive_elements", "model": "multiplechoicequestion"}}, {"model": "contenttypes.contenttype", "pk": 40, "fields": {"app_label": "interactive_elements", "model": "multiplechoiceanswer"}}, {"model": "contenttypes.contenttype", "pk": 41, "fields": {"app_label": "interactive_elements", "model": "numberanswer"}}, {"model": "contenttypes.contenttype", "pk": 42, "fields": {"app_label": "interactive_elements", "model": "quizanswer"}}, {"model": "contenttypes.contenttype", "pk": 43, "fields": {"app_label": "interactive_elements", "model": "singlechoicequestion"}}, {"model": "contenttypes.contenttype", "pk": 44, "fields": {"app_label": "interactive_elements", "model": "singlechoiceanswer"}}, {"model": "contenttypes.contenttype", "pk": 45, "fields": {"app_label": "interactive_elements", "model": "starvotingquestion"}}, {"model": "contenttypes.contenttype", "pk": 46, "fields": {"app_label": "interactive_elements", "model": "starvote"}}, {"model": "contenttypes.contenttype", "pk": 47, "fields": {"app_label": "interactive_elements", "model": "surveyquestion"}}, {"model": "contenttypes.contenttype", "pk": 48, "fields": {"app_label": "interactive_elements", "model": "surveyanswer"}}, {"model": "contenttypes.contenttype", "pk": 49, "fields": {"app_label": "interactive_elements", "model": "textanswer"}}, {"model": "sessions.session", "pk": "7pgea9r1o3ioi4i5nvlscas80sbtoi08", "fields": {"session_data": ".eJxVjMsOwiAQAP9lz4ZAAYEevfcbml2WtVUDSR8n47-bJj3odWYybxhx36ZxX8syzgw9GLj8MsL8LPUQ_MB6byq3ui0zqSNRp13V0Li8bmf7N5hwnaAH21EMLlMSnUyRgBJ0iqlDc_WZg3Mowjp21hZyxBmxRPaWJKDOJB4-X_GEOPQ:1sHnjM:hu6B-02oCpdPFmEKdNJajiCkKKFLkJfD1WIycxaMOGU", "expire_date": "2024-06-27T16:55:20.826Z"}}, {"model": "sessions.session", "pk": "mdxtk97s6pg6crlr3qd766tcspvn9g48", "fields": {"session_data": ".eJxVjEEOwiAQRe8ya9PQAgLd6UWamYEJxIYmFlbGu5uaLnT73n__BQv2lpe-p-dSIswwwuWXEfIj1UPguh54QOat1zZ8N6feh1tvOdVWGFvZ6v2s_q4y7hlm0BN5Z5iCqDAmcShOBR8mHK-WozMGRaLyk9aJDEVGTD5aTeJQMYmF9wfJgD1o:1sKzFs:lxmRRXYWmzVSnj6pOO0gzh8ODUEfkZBqPPe8g_KBF9Y", "expire_date": "2024-07-06T11:50:04.547Z"}}, {"model": "sessions.session", "pk": "munvt9htcutycgl1lsx3nqerahx7adia", "fields": {"session_data": ".eJxVkEFuhDAMRe_iNUIOhCZk1fYaVYWcxBFRIYxIUFuN5u5VpmzY2f_bz1--Azm3HalMdJSZU4mOStzStHKZN5_BfNzhvwYDN8r5e9s9NEAFjFBCS0QthxY1alRdA7xSXMAA-TWm19q0-wGPzwaeF6Yj8z7FChNw0Sy5L07VoGWpcnsma58zp53bt0vO93Prgpopz2Cg76xW0tkx4Cg4KAoKRz12JF4G55WUFIJH3fU9W2m9I2Lth94GRehsGCo0c871Hfxzi_svGHz8AcO1Z0c:1sIEYf:0b-HUO1Bb5cd1Q4zTvWTBWVPr1QJ0-BOEM8MchT5vKI", "expire_date": "2024-06-28T21:34:05.090Z"}}, {"model": "sessions.session", "pk": "zet6ph1gp8t0tb6zdjt2c0rzuu3evmbe", "fields": {"session_data": ".eJxVjEEOwiAQRe8ya9PQAgLd6UWamYEJxIYmFlbGu5uaLnT73n__BQv2lpe-p-dSIswwwuWXEfIj1UPguh54QOat1zZ8N6feh1tvOdVWGFvZ6v2s_q4y7hlm0BN5Z5iCqDAmcShOBR8mHK-WozMGRaLyk9aJDEVGTD5aTeJQMYmF9wfJgD1o:1sK4Xe:t9aigPv_PIfX_ckRC7L-VTB0_n0XcLXrlj2TUGBBbRE", "expire_date": "2024-07-03T23:16:38.045Z"}}, {"model": "users.customuser", "pk": 1, "fields": {"password": "pbkdf2_sha256$720000$sA5weyXL7IsjJLt6Xu5sLZ$IFPmF1hnVVFmgEcVgSkG62HDFQV83jbJ7Tfp2bJ2rmA=", "last_login": "2024-06-22T11:50:04.545Z", "is_superuser": true, "username": "admin", "first_name": "", "last_name": "", "email": "admin@mail.ru", "is_staff": true, "is_active": true, "date_joined": "2024-06-11T19:02:41Z", "sphere_of_activity": null, "groups": [1, 2], "user_permissions": []}}, {"model": "users.customuser", "pk": 2, "fields": {"password": "pbkdf2_sha256$720000$xwbPba8K5Hcpgr86z7Qx62$JRn7sIkcMmD4QbVdU2TGEsk+otlnt7zEh2aHBghUSGg=", "last_login": "2024-06-19T17:56:55.249Z", "is_superuser": false, "username": "test_user", "first_name": "", "last_name": "", "email": "test@mail.ru", "is_staff": false, "is_active": true, "date_joined": "2024-06-11T20:45:03.562Z", "sphere_of_activity": null, "groups": [], "user_permissions": []}}, {"model": "users.customuser", "pk": 5, "fields": {"password": "pbkdf2_sha256$720000$3r0Au5Wvlw8jjBmE3DtMdH$Z9Z/lenPhK0hQtDZVW2bRIKPfNjUu+zpbrrEyPHEnPg=", "last_login": "2024-06-17T21:59:05.099Z", "is_superuser": false, "username": "test-signals", "first_name": "", "last_name": "", "email": "my@email.ru", "is_staff": false, "is_active": true, "date_joined": "2024-06-17T21:58:53.837Z", "sphere_of_activity": null, "groups": [3], "user_permissions": []}}, {"model": "users.customuser", "pk": 6, "fields": {"password": "pbkdf2_sha256$720000$NXFVI6TXdC4qAfCFCGbKzc$e4ptFvOk3dn+33twvTDw+jnoOSO1kLYsVC86wNEzcDE=", "last_login": "2024-06-21T00:32:05.549Z", "is_superuser": false, "username": "Pu104ver", "first_name": "Vladimir", "last_name": "", "email": "chesnov.vovan@gmail.com", "is_staff": false, "is_active": true, "date_joined": "2024-06-19T14:23:16.984Z", "sphere_of_activity": null, "groups": [7], "user_permissions": []}}, {"model": "users.customuser", "pk": 10, "fields": {"password": "!6iEBtBF4lOdtJW1zO8Xb0n9SN58oYEqfnOlDCT6G", "last_login": "2024-06-21T00:31:53.790Z", "is_superuser": false, "username": "kinopoisk.y4ndex3", "first_name": "Kino", "last_name": "Poisk", "email": "kinopoisk.y4ndex3@yandex.ru", "is_staff": false, "is_active": true, "date_joined": "2024-06-19T15:02:52.573Z", "sphere_of_activity": null, "groups": [3, 7], "user_permissions": []}}, {"model": "users.customuser", "pk": 13, "fields": {"password": "pbkdf2_sha256$720000$hfGDFfIklZdPnkAWqn4xU0$AkJgZQlxkumXN+tSnL0duw6pyb1ZHXxUK/HYvJEoog4=", "last_login": "2024-06-21T00:28:38.133Z", "is_superuser": false, "username": "test", "first_name": "", "last_name": "", "email": "test@email.ru", "is_staff": false, "is_active": true, "date_joined": "2024-06-19T17:05:31.937Z", "sphere_of_activity": null, "groups": [3, 7], "user_permissions": []}}, {"model": "users.userprofile", "pk": 1, "fields": {"user": 1, "bio": "", "profile_picture": "profile_pictures/capy_nafi_hH0gz7s.jpg", "gender": "M", "birth_date": null}}, {"model": "users.userprofile", "pk": 2, "fields": {"user": 10, "bio": "", "profile_picture": "", "gender": "M", "birth_date": null}}, {"model": "users.userprofile", "pk": 3, "fields": {"user": 6, "bio": "", "profile_picture": "profile_pictures/capy_nafi.jpg", "gender": "F", "birth_date": null}}, {"model": "meetings.meeting", "pk": 1, "fields": {"title": "test meeting", "description": "", "url": "https://hakaton.daily.co/nh2iHr69E1218QGKJzrd", "host": 1, "start_time": "2024-10-22T08:00:00Z", "end_time": "2024-10-22T09:00:00Z", "participants": []}}, {"model": "meetings.meeting", "pk": 2, "fields": {"title": "test meeting2", "description": "description of the meeting", "url": "https://hakaton.daily.co/jPUM5GkxPNOT40M08uye", "host": 1, "start_time": "2024-06-16T21:01:03Z", "end_time": "2024-06-17T21:01:07Z", "participants": [2]}}, {"model": "meetings.meeting", "pk": 3, "fields": {"title": "meeting with participant", "description": "desc meeting participant", "url": "https://hakaton.daily.co/J8ta2TZxvCSV9Bss6ZCw", "host": 1, "start_time": "2024-06-17T22:57:00Z", "end_time": "2024-06-17T22:59:00Z", "participants": [2]}}, {"model": "meetings.meeting", "pk": 4, "fields": {"title": "today meeting", "description": "desc of today meeting", "url": "https://hakaton.daily.co/kjQ1GuGc9sdGIQ3nIXyh", "host": 1, "start_time": "2024-06-17T23:01:00Z", "end_time": "2024-06-17T23:35:00Z", "participants": [2]}}, {"model": "meetings.meeting", "pk": 8, "fields": {"title": "new meeting", "description": "desc of the new meeting", "url": "https://hakaton.daily.co/hrPj4tRmGMNgofliK0w7", "host": 1, "start_time": "2024-06-21T21:57:00Z", "end_time": "2024-06-21T22:02:00Z", "participants": []}}, {"model": "meetings.meeting", "pk": 9, "fields": {"title": "new meeting", "description": "desc of the new meeting", "url": "https://hakaton.daily.co/bagEWIRyZ6fU3Y4TIt7I", "host": 1, "start_time": "2024-06-21T21:57:00Z", "end_time": "2024-06-21T22:02:00Z", "participants": [2, 10, 6]}}, {"model": "interactive_elements.interactive", "pk": 6, "fields": {"meeting": 3, "title": "Тестовый открытый вопрос", "type": "text_question", "description": "текст описания", "is_active": true, "is_repeatable": false, "created_at": "2024-06-21T23:55:07.489Z", "updated_at": "2024-06-21T23:55:07.489Z"}}, {"model": "interactive_elements.interactive", "pk": 7, "fields": {"meeting": 3, "title": "тайтл", "type": "number_question", "description": "", "is_active": true, "is_repeatable": false, "created_at": "2024-06-22T00:08:04.733Z", "updated_at": "2024-06-22T00:08:04.733Z"}}, {"model": "interactive_elements.interactive", "pk": 8, "fields": {"meeting": 3, "title": "тайтл", "type": "star_voting", "description": "", "is_active": true, "is_repeatable": false, "created_at": "2024-06-22T00:11:35.147Z", "updated_at": "2024-06-22T00:11:35.147Z"}}, {"model": "interactive_elements.interactive", "pk": 9, "fields": {"meeting": 3, "title": "заголовок", "type": "single_choice", "description": "", "is_active": true, "is_repeatable": false, "created_at": "2024-06-22T00:28:53.734Z", "updated_at": "2024-06-22T00:28:53.734Z"}}, {"model": "interactive_elements.interactive", "pk": 10, "fields": {"meeting": 3, "title": "второй заголовок", "type": "single_choice", "description": "", "is_active": true, "is_repeatable": false, "created_at": "2024-06-22T00:33:46.675Z", "updated_at": "2024-06-22T00:33:46.675Z"}}, {"model": "interactive_elements.interactive", "pk": 11, "fields": {"meeting": 3, "title": "тайтл", "type": "single_choice", "description": "", "is_active": true, "is_repeatable": false, "created_at": "2024-06-22T00:37:43.097Z", "updated_at": "2024-06-22T00:37:43.097Z"}}, {"model": "interactive_elements.interactive", "pk": 12, "fields": {"meeting": 3, "title": "тайтл", "type": "single_choice", "description": "", "is_active": true, "is_repeatable": false, "created_at": "2024-06-22T00:39:35.478Z", "updated_at": "2024-06-22T00:39:35.478Z"}}, {"model": "interactive_elements.interactive", "pk": 13, "fields": {"meeting": 3, "title": "заголовок", "type": "star_voting", "description": "", "is_active": true, "is_repeatable": false, "created_at": "2024-06-22T01:04:05.328Z", "updated_at": "2024-06-22T01:04:05.328Z"}}, {"model": "interactive_elements.interactive", "pk": 14, "fields": {"meeting": 3, "title": "заголовок", "type": "star_voting", "description": "", "is_active": true, "is_repeatable": false, "created_at": "2024-06-22T01:04:37.538Z", "updated_at": "2024-06-22T01:04:37.538Z"}}, {"model": "interactive_elements.interactive", "pk": 15, "fields": {"meeting": 3, "title": "заголовок", "type": "star_voting", "description": "", "is_active": true, "is_repeatable": false, "created_at": "2024-06-22T01:05:36.396Z", "updated_at": "2024-06-22T01:05:36.396Z"}}, {"model": "interactive_elements.interactive", "pk": 16, "fields": {"meeting": 3, "title": "adfa", "type": "star_voting", "description": "", "is_active": true, "is_repeatable": false, "created_at": "2024-06-22T01:13:22.005Z", "updated_at": "2024-06-22T01:13:22.005Z"}}, {"model": "interactive_elements.interactive", "pk": 17, "fields": {"meeting": 3, "title": "dafa", "type": "star_voting", "description": "", "is_active": true, "is_repeatable": false, "created_at": "2024-06-22T01:15:35.896Z", "updated_at": "2024-06-22T01:15:35.896Z"}}, {"model": "interactive_elements.interactive", "pk": 18, "fields": {"meeting": 3, "title": "dafa", "type": "star_voting", "description": "", "is_active": true, "is_repeatable": false, "created_at": "2024-06-22T09:53:02.056Z", "updated_at": "2024-06-22T09:53:02.056Z"}}, {"model": "interactive_elements.interactive", "pk": 19, "fields": {"meeting": 3, "title": "тайтл", "type": "single_choice", "description": "", "is_active": true, "is_repeatable": false, "created_at": "2024-06-22T10:04:24.624Z", "updated_at": "2024-06-22T10:04:24.624Z"}}, {"model": "interactive_elements.interactive", "pk": 20, "fields": {"meeting": 4, "title": "тайтл", "type": "single_choice", "description": "", "is_active": true, "is_repeatable": false, "created_at": "2024-06-22T10:07:18.312Z", "updated_at": "2024-06-22T10:07:18.312Z"}}, {"model": "interactive_elements.interactive", "pk": 21, "fields": {"meeting": 3, "title": "тайтл заголовок", "type": "multiple_choice", "description": "", "is_active": true, "is_repeatable": false, "created_at": "2024-06-22T10:11:16.916Z", "updated_at": "2024-06-22T10:11:16.916Z"}}, {"model": "interactive_elements.interactive", "pk": 22, "fields": {"meeting": 3, "title": "заголовок опросника", "type": "survey", "description": "", "is_active": true, "is_repeatable": false, "created_at": "2024-06-22T10:30:56.924Z", "updated_at": "2024-06-22T10:30:56.924Z"}}, {"model": "interactive_elements.interactive", "pk": 23, "fields": {"meeting": 3, "title": "zagolovok", "type": "survey", "description": "", "is_active": true, "is_repeatable": false, "created_at": "2024-06-22T10:40:03.233Z", "updated_at": "2024-06-22T10:40:03.233Z"}}, {"model": "interactive_elements.interactive", "pk": 24, "fields": {"meeting": 3, "title": "тайтл", "type": "survey", "description": "", "is_active": true, "is_repeatable": false, "created_at": "2024-06-22T10:52:11.220Z", "updated_at": "2024-06-22T10:52:11.220Z"}}, {"model": "interactive_elements.interactive", "pk": 25, "fields": {"meeting": 3, "title": "тайтл", "type": "survey", "description": "", "is_active": true, "is_repeatable": false, "created_at": "2024-06-22T11:03:04.505Z", "updated_at": "2024-06-22T11:03:04.505Z"}}, {"model": "interactive_elements.interactive", "pk": 26, "fields": {"meeting": 2, "title": "тайтл", "type": "survey", "description": "", "is_active": true, "is_repeatable": false, "created_at": "2024-06-22T11:04:04.552Z", "updated_at": "2024-06-22T11:04:04.552Z"}}, {"model": "interactive_elements.interactive", "pk": 27, "fields": {"meeting": 3, "title": "тайтл", "type": "survey", "description": "", "is_active": true, "is_repeatable": false, "created_at": "2024-06-22T11:14:55.579Z", "updated_at": "2024-06-22T11:14:55.579Z"}}, {"model": "interactive_elements.interactive", "pk": 28, "fields": {"meeting": 3, "title": "заголовок", "type": "multiple_choice", "description": "", "is_active": true, "is_repeatable": false, "created_at": "2024-06-22T11:29:38.357Z", "updated_at": "2024-06-22T11:29:38.357Z"}}, {"model": "interactive_elements.interactive", "pk": 29, "fields": {"meeting": 3, "title": "тайтл", "type": "survey", "description": "", "is_active": true, "is_repeatable": false, "created_at": "2024-06-22T11:30:54.691Z", "updated_at": "2024-06-22T11:30:54.691Z"}}, {"model": "interactive_elements.textquestion", "pk": 4, "fields": {"interactive": 6, "question_text": "Как делишки ребятишки?", "max_length": 1000}}, {"model": "interactive_elements.numberquestion", "pk": 1, "fields": {"interactive": 7, "question_text": "сколько тебе лет?", "min_value": 0.0, "max_value": 100.0}}, {"model": "interactive_elements.starvotingquestion", "pk": 1, "fields": {"interactive": 8, "question_text": "Насколько довольны интерактивами?", "max_stars": 10}}, {"model": "interactive_elements.singlechoicequestion", "pk": 1, "fields": {"interactive": 9, "question_text": "Любишь маму?", "options": []}}, {"model": "interactive_elements.singlechoicequestion", "pk": 2, "fields": {"interactive": 10, "question_text": "Любишь маму2?", "options": ["Да", "очень", "обожаю\r\nя лох", "томат", "автобус"]}}, {"model": "interactive_elements.singlechoicequestion", "pk": 4, "fields": {"interactive": 12, "question_text": "тест4", "options": ["иван\r\nзоло", "владмир\r\nпутин"]}}, {"model": "interactive_elements.singlechoicequestion", "pk": 9, "fields": {"interactive": 15, "question_text": "вопрос", "options": "как погода"}}, {"model": "interactive_elements.singlechoicequestion", "pk": 13, "fields": {"interactive": 19, "question_text": "тест очередной", "options": ["как делишки", "у моей", "малышки"]}}, {"model": "interactive_elements.singlechoicequestion", "pk": 14, "fields": {"interactive": 20, "question_text": "тест очередной", "options": ["у моей"]}}, {"model": "interactive_elements.multiplechoicequestion", "pk": 1, "fields": {"interactive": 21, "question_text": "Кого ты блять выберешь", "options": ["нас", "или их", "или сам", "или хых"], "max_choices": 3}}, {"model": "interactive_elements.multiplechoicequestion", "pk": 2, "fields": {"interactive": 28, "question_text": "кого ты выберешь", "options": ["нас", "или сас", "или хых", "хыхыхыхыхы"], "max_choices": 2}}, {"model": "interactive_elements.survey", "pk": 6, "fields": {"interactive": 27}}, {"model": "interactive_elements.survey", "pk": 7, "fields": {"interactive": 29}}, {"model": "interactive_elements.surveyquestion", "pk": 1, "fields": {"survey": 6, "question_text": "вопрос1"}}, {"model": "interactive_elements.surveyquestion", "pk": 2, "fields": {"survey": 6, "question_text": "вопрос2"}}, {"model": "interactive_elements.surveyquestion", "pk": 3, "fields": {"survey": 7, "question_text": ""}}, {"model": "interactive_elements.surveyquestion", "pk": 4, "fields": {"survey": 7, "question_text": "вопрос1"}}, {"model": "interactive_elements.surveyquestion", "pk": 5, "fields": {"survey": 7, "question_text": "вопрос2"}}, {"model": "courses.course", "pk": 1, "fields": {"title": "\"Основы цифрового маркетинга\"", "description": "Курс \"Основы цифрового маркетинга\" предназначен для предпринимателей и специалистов малого и среднего бизнеса, которые хотят освоить основные инструменты и стратегии цифрового маркетинга для успешного продвижения своих продуктов и услуг в интернете. В течение курса участники изучат как использовать социальные сети, контент-маркетинг, поисковую оптимизацию и другие современные методы для привлечения целевой аудитории и увеличения конверсии.", "price": "0.00", "is_free": true, "created_at": "2024-06-13T15:49:50.986Z", "updated_at": "2024-06-14T19:37:25.549Z"}}, {"model": "courses.course", "pk": 2, "fields": {"title": "Основы информационных технологий", "description": "Курс по основам информационных технологий для начинающих.", "price": "0.00", "is_free": true, "created_at": "2024-06-13T16:18:23.672Z", "updated_at": "2024-06-13T16:18:23.672Z"}}, {"model": "courses.course", "pk": 3, "fields": {"title": "Основы маркетинга", "description": "Курс по основам маркетинга для малого бизнеса.", "price": "0.00", "is_free": true, "created_at": "2024-06-13T16:18:23.698Z", "updated_at": "2024-06-13T16:18:23.698Z"}}, {"model": "courses.course", "pk": 4, "fields": {"title": "заголовок", "description": "описание", "price": "0.00", "is_free": true, "created_at": "2024-06-22T12:31:40.684Z", "updated_at": "2024-06-22T12:31:40.684Z"}}, {"model": "courses.module", "pk": 1, "fields": {"course": 1, "title": "Введение в цифровой маркетинг", "description": "Основные понятия и термины\r\nИстория развития цифрового маркетинга\r\nЗначение цифрового маркетинга для малого и среднего бизнеса", "order": 1, "created_at": "2024-06-13T15:49:50.988Z", "updated_at": "2024-06-14T19:37:09.731Z"}}, {"model": "courses.module", "pk": 2, "fields": {"course": 1, "title": "Стратегии цифрового маркетинга", "description": "Выбор целевой аудитории\r\nСоздание персонализированных маркетинговых стратегий\r\nИспользование данных для принятия решений", "order": 2, "created_at": "2024-06-13T15:49:50.989Z", "updated_at": "2024-06-13T15:49:50.989Z"}}, {"model": "courses.module", "pk": 3, "fields": {"course": 1, "title": "Инструменты цифрового маркетинга", "description": "Социальные сети и их роль в продвижении\r\nПоисковая оптимизация (SEO) и поисковая реклама (SEM)\r\nКонтент-маркетинг и создание ценного контента", "order": 3, "created_at": "2024-06-13T15:49:50.990Z", "updated_at": "2024-06-13T15:49:50.990Z"}}, {"model": "courses.module", "pk": 4, "fields": {"course": 2, "title": "Модуль 1", "description": "Описание модуля 1", "order": 1, "created_at": "2024-06-13T16:18:23.678Z", "updated_at": "2024-06-13T16:18:23.678Z"}}, {"model": "courses.module", "pk": 5, "fields": {"course": 2, "title": "Модуль 2", "description": "Описание модуля 2", "order": 2, "created_at": "2024-06-13T16:18:23.687Z", "updated_at": "2024-06-13T16:18:23.687Z"}}, {"model": "courses.module", "pk": 6, "fields": {"course": 2, "title": "Модуль 3", "description": "Описание модуля 3", "order": 3, "created_at": "2024-06-13T16:18:23.692Z", "updated_at": "2024-06-13T16:18:23.692Z"}}, {"model": "courses.module", "pk": 7, "fields": {"course": 3, "title": "Модуль 1", "description": "Описание модуля 1", "order": 1, "created_at": "2024-06-13T16:18:23.700Z", "updated_at": "2024-06-13T16:18:23.700Z"}}, {"model": "courses.module", "pk": 8, "fields": {"course": 3, "title": "Модуль 2", "description": "Описание модуля 2", "order": 2, "created_at": "2024-06-13T16:18:23.705Z", "updated_at": "2024-06-13T16:18:23.705Z"}}, {"model": "courses.module", "pk": 9, "fields": {"course": 3, "title": "Модуль 3", "description": "Описание модуля 3", "order": 3, "created_at": "2024-06-13T16:18:23.710Z", "updated_at": "2024-06-13T16:18:23.710Z"}}, {"model": "courses.module", "pk": 10, "fields": {"course": 4, "title": "модуль 1 к курсу 'заголовок'", "description": "string", "order": 1, "created_at": "2024-06-22T12:33:59.827Z", "updated_at": "2024-06-22T12:33:59.827Z"}}, {"model": "courses.lesson", "pk": 1, "fields": {"module": 4, "title": "Урок 1 в модуле 1", "content": "Содержание урока 1 в модуле 1", "order": 1, "created_at": "2024-06-13T16:18:23.681Z", "updated_at": "2024-06-13T16:18:23.681Z"}}, {"model": "courses.lesson", "pk": 2, "fields": {"module": 4, "title": "Урок 2 в модуле 1", "content": "Содержание урока 2 в модуле 1", "order": 2, "created_at": "2024-06-13T16:18:23.685Z", "updated_at": "2024-06-13T16:18:23.685Z"}}, {"model": "courses.lesson", "pk": 3, "fields": {"module": 5, "title": "Урок 1 в модуле 2", "content": "Содержание урока 1 в модуле 2", "order": 1, "created_at": "2024-06-13T16:18:23.689Z", "updated_at": "2024-06-13T16:18:23.689Z"}}, {"model": "courses.lesson", "pk": 4, "fields": {"module": 5, "title": "Урок 2 в модуле 2", "content": "<h2>Содержание урока 2 в модуле 2</h2>", "order": 2, "created_at": "2024-06-13T16:18:23.690Z", "updated_at": "2024-06-13T17:36:35.801Z"}}, {"model": "courses.lesson", "pk": 5, "fields": {"module": 6, "title": "Урок 1 в модуле 3", "content": "Содержание урока 1 в модуле 3", "order": 1, "created_at": "2024-06-13T16:18:23.694Z", "updated_at": "2024-06-13T16:18:23.694Z"}}, {"model": "courses.lesson", "pk": 6, "fields": {"module": 6, "title": "Урок 2 в модуле 3", "content": "Содержание урока 2 в модуле 3", "order": 2, "created_at": "2024-06-13T16:18:23.696Z", "updated_at": "2024-06-13T16:18:23.696Z"}}, {"model": "courses.lesson", "pk": 7, "fields": {"module": 7, "title": "Урок 1 в модуле 1", "content": "Содержание урока 1 в модуле 1", "order": 1, "created_at": "2024-06-13T16:18:23.702Z", "updated_at": "2024-06-13T16:18:23.702Z"}}, {"model": "courses.lesson", "pk": 8, "fields": {"module": 7, "title": "Урок 2 в модуле 1", "content": "Содержание урока 2 в модуле 1", "order": 2, "created_at": "2024-06-13T16:18:23.703Z", "updated_at": "2024-06-13T16:18:23.704Z"}}, {"model": "courses.lesson", "pk": 9, "fields": {"module": 8, "title": "Урок 1 в модуле 2", "content": "Содержание урока 1 в модуле 2", "order": 1, "created_at": "2024-06-13T16:18:23.707Z", "updated_at": "2024-06-13T16:18:23.707Z"}}, {"model": "courses.lesson", "pk": 10, "fields": {"module": 8, "title": "Урок 2 в модуле 2", "content": "Содержание урока 2 в модуле 2", "order": 2, "created_at": "2024-06-13T16:18:23.709Z", "updated_at": "2024-06-13T16:18:23.709Z"}}, {"model": "courses.lesson", "pk": 11, "fields": {"module": 9, "title": "Урок 1 в модуле 3", "content": "Содержание урока 1 в модуле 3", "order": 1, "created_at": "2024-06-13T16:18:23.712Z", "updated_at": "2024-06-13T16:18:23.712Z"}}, {"model": "courses.lesson", "pk": 12, "fields": {"module": 9, "title": "Урок 2 в модуле 3", "content": "Содержание урока 2 в модуле 3", "order": 2, "created_at": "2024-06-13T16:18:23.714Z", "updated_at": "2024-06-13T16:18:23.714Z"}}, {"model": "courses.lesson", "pk": 13, "fields": {"module": 4, "title": "Тестовый урок с кастом контентом", "content": "<h2>Введение в Маркетинг</h2>\r\n<p>Маркетинг — это процесс создания, передачи, доставки и обмена предложениями, которые имеют ценность для клиентов, партнеров и общества в целом. В этом уроке мы рассмотрим основные концепции маркетинга и их применение в реальном мире.</p>\r\n\r\n<h3>Основные концепции маркетинга</h3>\r\n<ul>\r\n    <li><strong>Потребности, желания и спрос:</strong> Потребности — это базовые человеческие требования, такие как еда, вода и жилье. Желания — это конкретные формы, которые принимают потребности под влиянием культуры и индивидуальности. Спрос — это желания, подкрепленные покупательской способностью.</li>\r\n    <li><strong>Продукты и услуги:</strong> Продукты — это объекты, которые удовлетворяют потребности и желания. Услуги — это нематериальные действия или выгоды, которые одна сторона может предложить другой.</li>\r\n    <li><strong>Ценность и удовлетворение:</strong> Ценность — это оценка клиента, насколько продукт или услуга соответствуют их потребностям и ожиданиям. Удовлетворение — это степень соответствия ожиданий и реального опыта потребления.</li>\r\n</ul>\r\n\r\n<h3>Рынки и маркетинг</h3>\r\n<p>Рынок — это совокупность всех потенциальных и реальных покупателей продукта или услуги. Маркетинг — это деятельность, направленная на создание, продвижение и доставку ценностных предложений, которые удовлетворяют потребности рынка.</p>\r\n\r\n<h3>Стратегии маркетинга</h3>\r\n<p>Существует несколько ключевых стратегий маркетинга, включая:</p>\r\n<ol>\r\n    <li><strong>Сегментация рынка:</strong> Разделение рынка на группы потребителей с схожими потребностями и характеристиками.</li>\r\n    <li><strong>Целевой маркетинг:</strong> Выбор одного или нескольких сегментов для обслуживания и разработки маркетинговых программ, специально нацеленных на эти сегменты.</li>\r\n    <li><strong>Позиционирование:</strong> Создание уникального образа продукта в сознании целевых потребителей относительно конкурентов.</li>\r\n</ol>\r\n\r\n<p>В следующем уроке мы углубимся в конкретные методы и инструменты, используемые в маркетинге для достижения успеха на рынке.</p>", "order": 4, "created_at": "2024-06-13T17:11:32.527Z", "updated_at": "2024-06-13T17:18:33.792Z"}}, {"model": "courses.lesson", "pk": 14, "fields": {"module": 1, "title": "Урок 1", "content": "Это 1ый урок к модулю", "order": 1, "created_at": "2024-06-14T19:39:49.694Z", "updated_at": "2024-06-14T19:39:49.694Z"}}, {"model": "courses.lesson", "pk": 15, "fields": {"module": 1, "title": "Урок 2", "content": "Это 2ой урок к модулю", "order": 2, "created_at": "2024-06-14T19:40:12.023Z", "updated_at": "2024-06-14T19:40:12.023Z"}}, {"model": "courses.lesson", "pk": 16, "fields": {"module": 2, "title": "Урок 1 Стратегии", "content": "Это 1ый урок к модулю стратегий", "order": 1, "created_at": "2024-06-14T19:40:40.603Z", "updated_at": "2024-06-14T19:40:40.603Z"}}, {"model": "courses.lesson", "pk": 17, "fields": {"module": 2, "title": "Урок 2 к страгеиям", "content": "Это 2ой урок к модулю стратегий", "order": 2, "created_at": "2024-06-14T19:41:10.185Z", "updated_at": "2024-06-14T19:41:10.185Z"}}, {"model": "courses.usercourse", "pk": 1, "fields": {"user": 1, "course": 1, "enrolled_at": "2024-06-13T15:50:32.384Z", "completed_at": "2024-06-21T00:32:55.668Z"}}, {"model": "courses.usercourse", "pk": 2, "fields": {"user": 1, "course": 2, "enrolled_at": "2024-06-13T16:32:03.132Z", "completed_at": null}}, {"model": "courses.usercourse", "pk": 3, "fields": {"user": 1, "course": 3, "enrolled_at": "2024-06-14T20:32:31.155Z", "completed_at": "2024-06-18T22:57:25.990Z"}}, {"model": "courses.usercourse", "pk": 4, "fields": {"user": 2, "course": 1, "enrolled_at": "2024-06-19T17:57:39.244Z", "completed_at": null}}, {"model": "courses.usercourse", "pk": 5, "fields": {"user": 10, "course": 3, "enrolled_at": "2024-06-20T19:46:55.182Z", "completed_at": null}}, {"model": "courses.usercourse", "pk": 6, "fields": {"user": 6, "course": 3, "enrolled_at": "2024-06-20T19:48:12.783Z", "completed_at": "2024-06-21T00:28:21.121Z"}}, {"model": "courses.usercourse", "pk": 7, "fields": {"user": 10, "course": 2, "enrolled_at": "2024-06-20T20:02:13.385Z", "completed_at": null}}, {"model": "courses.usercourse", "pk": 8, "fields": {"user": 13, "course": 3, "enrolled_at": "2024-06-20T20:35:34.556Z", "completed_at": null}}, {"model": "courses.usercourse", "pk": 9, "fields": {"user": 13, "course": 2, "enrolled_at": "2024-06-20T23:19:18.376Z", "completed_at": null}}, {"model": "courses.usercourse", "pk": 10, "fields": {"user": 1, "course": 4, "enrolled_at": "2024-06-22T12:34:34.980Z", "completed_at": null}}, {"model": "courses.userprogress", "pk": 1, "fields": {"user": 1, "lesson": 1, "completed": true, "completed_at": null}}, {"model": "courses.userprogress", "pk": 2, "fields": {"user": 1, "lesson": 13, "completed": false, "completed_at": null}}, {"model": "courses.userprogress", "pk": 3, "fields": {"user": 1, "lesson": 4, "completed": true, "completed_at": null}}, {"model": "courses.userprogress", "pk": 4, "fields": {"user": 1, "lesson": 14, "completed": true, "completed_at": "2024-06-21T00:32:55.657Z"}}, {"model": "courses.userprogress", "pk": 5, "fields": {"user": 1, "lesson": 15, "completed": true, "completed_at": null}}, {"model": "courses.userprogress", "pk": 6, "fields": {"user": 1, "lesson": 16, "completed": true, "completed_at": null}}, {"model": "courses.userprogress", "pk": 7, "fields": {"user": 1, "lesson": 17, "completed": true, "completed_at": null}}, {"model": "courses.userprogress", "pk": 8, "fields": {"user": 1, "lesson": 7, "completed": true, "completed_at": null}}, {"model": "courses.userprogress", "pk": 9, "fields": {"user": 1, "lesson": 8, "completed": true, "completed_at": null}}, {"model": "courses.userprogress", "pk": 10, "fields": {"user": 1, "lesson": 9, "completed": true, "completed_at": null}}, {"model": "courses.userprogress", "pk": 11, "fields": {"user": 1, "lesson": 10, "completed": true, "completed_at": null}}, {"model": "courses.userprogress", "pk": 12, "fields": {"user": 1, "lesson": 11, "completed": true, "completed_at": null}}, {"model": "courses.userprogress", "pk": 13, "fields": {"user": 1, "lesson": 12, "completed": true, "completed_at": null}}, {"model": "courses.userprogress", "pk": 14, "fields": {"user": 1, "lesson": 2, "completed": true, "completed_at": null}}, {"model": "courses.userprogress", "pk": 15, "fields": {"user": 1, "lesson": 3, "completed": true, "completed_at": null}}, {"model": "courses.userprogress", "pk": 16, "fields": {"user": 2, "lesson": 17, "completed": true, "completed_at": null}}, {"model": "courses.userprogress", "pk": 17, "fields": {"user": 1, "lesson": 5, "completed": true, "completed_at": null}}, {"model": "courses.userprogress", "pk": 18, "fields": {"user": 1, "lesson": 6, "completed": true, "completed_at": null}}, {"model": "courses.userprogress", "pk": 19, "fields": {"user": 10, "lesson": 7, "completed": true, "completed_at": "2024-06-21T00:26:45.480Z"}}, {"model": "courses.userprogress", "pk": 20, "fields": {"user": 10, "lesson": 8, "completed": true, "completed_at": null}}, {"model": "courses.userprogress", "pk": 21, "fields": {"user": 10, "lesson": 9, "completed": true, "completed_at": "2024-06-21T00:26:49.527Z"}}, {"model": "courses.userprogress", "pk": 22, "fields": {"user": 6, "lesson": 7, "completed": true, "completed_at": "2024-06-21T00:27:56.440Z"}}, {"model": "courses.userprogress", "pk": 23, "fields": {"user": 6, "lesson": 8, "completed": true, "completed_at": "2024-06-21T00:28:00.798Z"}}, {"model": "courses.userprogress", "pk": 24, "fields": {"user": 6, "lesson": 9, "completed": true, "completed_at": "2024-06-21T00:28:18.592Z"}}, {"model": "courses.userprogress", "pk": 25, "fields": {"user": 6, "lesson": 10, "completed": true, "completed_at": "2024-06-21T00:28:19.355Z"}}, {"model": "courses.userprogress", "pk": 26, "fields": {"user": 6, "lesson": 11, "completed": true, "completed_at": "2024-06-21T00:28:21.109Z"}}, {"model": "courses.userprogress", "pk": 27, "fields": {"user": 6, "lesson": 12, "completed": true, "completed_at": "2024-06-21T00:28:14.765Z"}}, {"model": "courses.userprogress", "pk": 28, "fields": {"user": 10, "lesson": 1, "completed": true, "completed_at": "2024-06-21T00:27:15.449Z"}}, {"model": "courses.userprogress", "pk": 29, "fields": {"user": 10, "lesson": 2, "completed": true, "completed_at": "2024-06-21T00:27:23.586Z"}}, {"model": "courses.userprogress", "pk": 30, "fields": {"user": 10, "lesson": 13, "completed": true, "completed_at": "2024-06-21T00:27:27.564Z"}}, {"model": "courses.userprogress", "pk": 31, "fields": {"user": 13, "lesson": 7, "completed": true, "completed_at": "2024-06-21T00:28:52.878Z"}}, {"model": "courses.userprogress", "pk": 32, "fields": {"user": 13, "lesson": 8, "completed": true, "completed_at": "2024-06-21T00:28:55.542Z"}}, {"model": "courses.userprogress", "pk": 33, "fields": {"user": 13, "lesson": 1, "completed": true, "completed_at": "2024-06-21T00:29:05.951Z"}}, {"model": "courses.userprogress", "pk": 34, "fields": {"user": 13, "lesson": 2, "completed": true, "completed_at": "2024-06-21T00:29:08.244Z"}}, {"model": "courses.userprogress", "pk": 35, "fields": {"user": 10, "lesson": 10, "completed": true, "completed_at": "2024-06-21T00:26:53.076Z"}}, {"model": "courses.userprogress", "pk": 36, "fields": {"user": 10, "lesson": 11, "completed": true, "completed_at": "2024-06-21T00:26:54.241Z"}}, {"model": "courses.userprogress", "pk": 37, "fields": {"user": 13, "lesson": 9, "completed": true, "completed_at": "2024-06-21T00:28:56.373Z"}}, {"model": "notifications.notification", "pk": 1, "fields": {"user": 2, "message": "You have been invited to a meeting: meeting with participant on 2024-12-31 12:33:00+03:00", "link": null, "created_at": "2024-06-16T17:53:32.477Z", "read": false}}, {"model": "notifications.notification", "pk": 3, "fields": {"user": 2, "message": "You have been removed from the meeting \"meeting with participant\" by admin.", "link": null, "created_at": "2024-06-16T18:50:27.827Z", "read": false}}, {"model": "notifications.notification", "pk": 6, "fields": {"user": 2, "message": "You have been added to the meeting \"meeting with participant\" by admin.", "link": null, "created_at": "2024-06-17T22:55:29.622Z", "read": false}}, {"model": "notifications.notification", "pk": 8, "fields": {"user": 2, "message": "You have been added to the meeting \"today meeting\" by admin.", "link": null, "created_at": "2024-06-17T23:00:24.126Z", "read": false}}, {"model": "notifications.notification", "pk": 11, "fields": {"user": 2, "message": "You have been invited to a meeting: today meeting on 2024-06-18 02:01:00+03:00", "link": null, "created_at": "2024-06-17T23:00:24.140Z", "read": true}}, {"model": "notifications.notification", "pk": 12, "fields": {"user": 1, "message": "You have been added to the meeting \"new meeting\" by kinopoisk.y4ndex3.", "link": "https://hakaton.daily.co/UBzmzLuDpAf01j4mAhdk", "created_at": "2024-06-18T22:24:01.690Z", "read": true}}, {"model": "notifications.notification", "pk": 13, "fields": {"user": 2, "message": "You have been added to the meeting \"new meeting\" by kinopoisk.y4ndex3.", "link": "https://hakaton.daily.co/UBzmzLuDpAf01j4mAhdk", "created_at": "2024-06-18T22:24:01.692Z", "read": false}}, {"model": "notifications.notification", "pk": 15, "fields": {"user": 1, "message": "You have been invited to a meeting: new meeting on 2024-06-21 01:23:00+03:00", "link": "https://hakaton.daily.co/UBzmzLuDpAf01j4mAhdk", "created_at": "2024-06-18T22:24:01.697Z", "read": true}}, {"model": "notifications.notification", "pk": 17, "fields": {"user": 2, "message": "You have been invited to a meeting: new meeting on 2024-06-21 01:23:00+03:00", "link": "https://hakaton.daily.co/UBzmzLuDpAf01j4mAhdk", "created_at": "2024-06-18T22:24:01.702Z", "read": false}}, {"model": "notifications.notification", "pk": 18, "fields": {"user": 2, "message": "You have been added to the meeting \"new meeting\" by admin.", "link": "https://hakaton.daily.co/bagEWIRyZ6fU3Y4TIt7I", "created_at": "2024-06-19T22:02:31.683Z", "read": false}}, {"model": "notifications.notification", "pk": 19, "fields": {"user": 10, "message": "You have been added to the meeting \"new meeting\" by admin.", "link": "https://hakaton.daily.co/bagEWIRyZ6fU3Y4TIt7I", "created_at": "2024-06-19T22:02:31.687Z", "read": false}}, {"model": "notifications.notification", "pk": 20, "fields": {"user": 6, "message": "You have been added to the meeting \"new meeting\" by admin.", "link": "https://hakaton.daily.co/bagEWIRyZ6fU3Y4TIt7I", "created_at": "2024-06-19T22:02:31.689Z", "read": false}}, {"model": "departments.department", "pk": 1, "fields": {"name": "Отдел разработки", "head": 1, "members": [10, 6, 13], "courses": [3]}}, {"model": "departments.department", "pk": 2, "fields": {"name": "Отдел дизайна", "head": 1, "members": [2, 13], "courses": [2, 3, 1]}}, {"model": "account.emailaddress", "pk": 3, "fields": {"user": 6, "email": "chesnov.vovan@gmail.com", "verified": true, "primary": true}}, {"model": "account.emailaddress", "pk": 6, "fields": {"user": 10, "email": "kinopoisk.y4ndex3@yandex.ru", "verified": true, "primary": true}}, {"model": "account.emailaddress", "pk": 8, "fields": {"user": 2, "email": "test@mail.ru", "verified": false, "primary": false}}, {"model": "account.emailaddress", "pk": 10, "fields": {"user": 13, "email": "test@email.ru", "verified": true, "primary": true}}, {"model": "socialaccount.socialapp", "pk": 1, "fields": {"provider": "yandex", "provider_id": "", "name": "Yandex", "client_id": "c4885d8267a049929068e28f02ddd48d", "secret": "36a4c9c8c1e546748c347e1aa634b2e2", "key": "", "settings": {}, "sites": [1]}}, {"model": "socialaccount.socialapp", "pk": 2, "fields": {"provider": "github", "provider_id": "", "name": "GitHub", "client_id": "Iv23liw6mKXJDqe6JV0e", "secret": "0ebda726ca58385085da158b7d267453808d5298", "key": "", "settings": {}, "sites": [1]}}, {"model": "socialaccount.socialaccount", "pk": 3, "fields": {"user": 6, "provider": "github", "uid": "114736305", "last_login": "2024-06-21T00:32:05.539Z", "date_joined": "2024-06-19T14:23:17.007Z", "extra_data": {"id": 114736305, "bio": null, "url": "https://api.github.com/users/Pu104ver", "blog": "", "name": "Vladimir", "type": "User", "email": "chesnov.vovan@gmail.com", "login": "Pu104ver", "company": null, "node_id": "U_kgDOBta8sQ", "hireable": null, "html_url": "https://github.com/Pu104ver", "location": null, "followers": 1, "following": 0, "gists_url": "https://api.github.com/users/Pu104ver/gists{/gist_id}", "repos_url": "https://api.github.com/users/Pu104ver/repos", "avatar_url": "https://avatars.githubusercontent.com/u/114736305?v=4", "created_at": "2022-09-30T09:39:40Z", "events_url": "https://api.github.com/users/Pu104ver/events{/privacy}", "site_admin": false, "updated_at": "2024-06-14T22:10:07Z", "gravatar_id": "", "starred_url": "https://api.github.com/users/Pu104ver/starred{/owner}{/repo}", "public_gists": 0, "public_repos": 9, "followers_url": "https://api.github.com/users/Pu104ver/followers", "following_url": "https://api.github.com/users/Pu104ver/following{/other_user}", "twitter_username": null, "organizations_url": "https://api.github.com/users/Pu104ver/orgs", "subscriptions_url": "https://api.github.com/users/Pu104ver/subscriptions", "received_events_url": "https://api.github.com/users/Pu104ver/received_events"}}}, {"model": "socialaccount.socialaccount", "pk": 6, "fields": {"user": 10, "provider": "yandex", "uid": "1421855834", "last_login": "2024-06-21T00:31:53.769Z", "date_joined": "2024-06-19T15:02:52.603Z", "extra_data": {"id": "1421855834", "sex": null, "login": "kinopoisk.y4ndex3", "psuid": "1.AAvYsQ.DaSiZw0G5rxpMYo7htm00A.BM2jK-bsMTVU2Ra43hEtjw", "emails": ["kinopoisk.y4ndex3@yandex.ru"], "client_id": "c4885d8267a049929068e28f02ddd48d", "last_name": "Poisk", "real_name": "Kino Poisk", "first_name": "Kino", "display_name": "kinopoisk.y4ndex3", "default_email": "kinopoisk.y4ndex3@yandex.ru", "is_avatar_empty": true, "default_avatar_id": "0/0-0"}}}]